<?xml version="1.0" encoding="utf-8"?>
<extension type="connector" group="product" method="upgrade">
	<name>AEC Membership</name>
	<author>Yireo</author>
	<creationDate>January 2013</creationDate>
	<copyright>Copyright (C) 2013 Yireo.com. All rights reserved.</copyright>
	<license>http://www.gnu.org/licenses/gpl-2.0.html GNU/GPL</license>
	<authorEmail>info@yireo.com</authorEmail>
	<authorUrl>www.yireo.com</authorUrl>
	<version>1.0.1</version>
	<description>MageBridge Product Connector for AEC Membership</description>

	<files>
		<filename connector="acctexp">acctexp.php</filename>
		<filename>acctexp.xml</filename>
	</files>

</extension>
