<?xml version="1.0" encoding="utf-8"?>
<extension type="module" version="2.5" client="site" method="upgrade">
    <name>MageBridge: RokLogin</name>
    <creationDate>January 2014</creationDate>
    <author>Yireo/RocketTheme/VirtueMart</author>
	<creationDate>January 2014</creationDate>
	<copyright>Copyright (C) 2014 Yireo.com. All rights reserved.</copyright>
	<license>GNU/GPL</license>
	<authorEmail>development@yireo.com</authorEmail>
	<authorUrl>www.yireo.com</authorUrl>
    <version>1.8.5002</version>
    <description>This module provides login/logout functionality for MageBridge.</description>

    <files>
        <filename module="mod_magebridge_roklogin">mod_magebridge_roklogin.php</filename>
        <filename>index.html</filename>
        <folder>tmpl</folder>
    </files>

    <languages>
        <language tag="en-GB">en-GB.mod_magebridge_roklogin.ini</language>
    </languages>

	<config>
		<fields name="params">
			<fieldset name="basic">
                <field name="moduleclass_sfx" type="text" default="" label="Module Class Suffix" />
                <field name="pretext" type="textarea" cols="30" rows="5" default="" label="Pre-text" description="This is the text or HTML that is displayed above the Login form." />
                <field name="posttext" type="textarea" cols="30" rows="5" label="Post-text" description="This is the text or HTML that is displayed below the Login form." />
                <field name="greeting" type="radio" default="1" label="Greeting" description="Show/Hide the simple greeting text.">
                    <option value="1">Yes</option>
                    <option value="0">No</option>
                </field>
                <field name="name" type="list" default="0" label="Name/Username" description="Show the username or name in the greeting.">
                    <option value="0">Username</option>
                    <option value="1">Name</option>
                </field>
                <field name="login_link" type="list" default="current" label="Page After Login" description="Page to redirect to after a login">
                    <option value="current">Current page</option>
                    <option value="home">Joomla! homepage</option>
                    <option value="mbhome">Magento homepage</option>
                    <option value="mbaccount">Magento accountpage</option>
                </field>
                <field name="logout_link" type="list" default="current" label="Page After Logout" description="Page to redirect to after a logout">
                    <option value="current">Current page</option>
                    <option value="home">Joomla! homepage</option>
                    <option value="mbhome">Magento homepage</option>
                </field>
                <field name="account_link" type="list" default="1" label="Account Link" description="Show/Hide the Account Maintenance link.">
                    <option value="0">No</option>
                    <option value="1">Yes, Joomla! account-page</option>
                    <option value="2">Yes, MageBridge account-page</option>
                </field>
                <field name="wishlist_link" type="list" default="1" label="Wishlist Link" description="Show/Hide the Wishlist link.">
                    <option value="0">No</option>
                    <option value="1">Yes</option>
                </field>
                <field name="checkout_link" type="list" default="1" label="Checkout Link" description="Show/Hide the Checkout link.">
                    <option value="0">No</option>
                    <option value="1">Yes</option>
                </field>
                <field name="cart_link" type="list" default="1" label="Cart Link" description="Show/Hide the Cart link.">
                    <option value="0">No</option>
                    <option value="1">Yes</option>
                </field>
            </fieldset>
            <fieldset name="advanced">
                <field name="cache" type="list" default="1" label="Caching" description="Select whether to cache the content of this module">
                    <option value="1">Use global</option>
                    <option value="0">No caching</option>
                </field>
                <field name="cache_time" type="text" default="900" label="Cache Time" description="The time before the module is recached" />
        	</fieldset>
        </fields>
	</config>
</extension>
