<?xml version="1.0" encoding="utf-8"?>
<extension type="module" version="1.6" client="administrator" method="upgrade">
	<name>MOD_MAGEBRIDGE_ORDERS</name>
	<author>Yireo</author>
	<creationDate>${dateMonth}</creationDate>
	<copyright>Copyright (C) 2017 Yireo.com. All rights reserved.</copyright>
	<license>GNU/GPL</license>
	<authorEmail>development@yireo.com</authorEmail>
	<authorUrl>www.yireo.com</authorUrl>
	<version>1.9.5434</version>
	<description>MOD_MAGEBRIDGE_ORDERS_DESC</description>

	<files folder="admin">
		<filename module="mod_magebridge_orders">mod_magebridge_orders.php</filename>
		<filename>helper.php</filename>
		<filename>index.html</filename>
		<folder>tmpl</folder>
	</files>

    <languages folder="admin/language/en-GB">
        <language tag="en-GB">en-GB.mod_magebridge_orders.ini</language>
        <language tag="en-GB">en-GB.mod_magebridge_orders.sys.ini</language>
    </languages>

    <config>
        <fields name="params">
	        <fieldset name="basic" addfieldpath="/administrator/components/com_magebridge/elements">
		        <field name="count" type="text" default="5" label="MOD_MAGEBRIDGE_ORDERS_FIELD_COUNT" description="MOD_MAGEBRIDGE_ORDERS_FIELD_COUNT_DESC" />
            </fieldset>
			<fieldset name="advanced">
        		<field name="moduleclass_sfx" type="text" default="" label="COM_MODULES_FIELD_MODULECLASS_SFX_LABEL" description="COM_MODULES_FIELD_MODULECLASS_SFX_DESC" />
        		<field name="cache" type="list" default="1" label="COM_MODULES_FIELD_CACHING_LABEL" description="COM_MODULES_FIELD_CACHING_DESC">
		        	<option value="1">JGLOBAL_USE_GLOBAL</option>
        			<option value="0">COM_MODULES_FIELD_VALUE_NOCACHING</option>
		        </field>
        		<field name="cache_time" type="text" default="900" label="COM_MODULES_FIELD_CACHE_TIME_LABEL" description="COM_MODULES_FIELD_CACHE_TIME_DESC" />
        	</fieldset>
        </fields>
	</config>
</extension>
