<?xml version="1.0" encoding="utf-8"?>
<application>
	<name>Product</name>
	<group>product</group>
	<version>2.5.1</version>
	<creationDate>March 2012</creationDate>
	<author>Yireo</author>
	<authorEmail>info@yireo.com</authorEmail>
	<authorUrl>http://www.yireo.com</authorUrl>
    <copyright>Copyright (C) 2012 Yireo</copyright>
    <license>GNU/GPL</license>
	<params group="application-config">
		<param name="items_per_page" type="text" size="3" default="15" label="Items Per Page" description="Number of items to show on a page" />
		<param name="item_order" type="list" default="rdate" label="Item Order" description="ITEM_ORDER">
			<option value="rdate">Latest first</option>
			<option value="date">Latest last</option>
			<option value="alpha">Alphabetical</option>
			<option value="ralpha">Reverse Alphabetical</option>
			<option value="hits">Most Hits</option>
			<option value="rhits">Least Hits</option>
		</param>
		<param name="show_feed_link" type="zoofeed" default="1" label="Show Feed Link" description="DISPLAY_FEED_LINKS" />	
	</params>
	<params group="category-config">
		<param name="items_per_page" type="textglobal" size="3" default="15" label="Items Per Page" description="Number of items to show on a page" />
		<param name="item_order" type="listglobal" default="rdate" label="Item Order" description="ITEM_ORDER">
			<option value="rdate">Latest first</option>
			<option value="date">Latest last</option>
			<option value="alpha">Alphabetical</option>
			<option value="ralpha">Reverse Alphabetical</option>
			<option value="hits">Most Hits</option>
			<option value="rhits">Least Hits</option>
		</param>
		<param name="show_feed_link" type="zoofeedglobal" default="1" label="Show Feed Link" description="DISPLAY_FEED_LINKS" />
	</params>
	<params group="item-config" addpath="/media/zoo/applications/product/fields">
        <param name="product_id" type="product" return="id" default="" label="Magento Product" description="" />
	</params>
	<params group="application-content">
		<param name="title" type="text" label="Title" description="Set a frontpage title." />
		<param name="subtitle" type="text" label="Subtitle" description="Set a subtitle." />
		<param name="image" type="zooimage" label="Image" description="Choose a frontpage image." />
	</params>
	<params group="category-content">
		<param name="sub_headline" type="text" label="Sub Headline" description="Set a sub headline." />
		<param name="image" type="zooimage" label="Image" description="Choose a category image." />
	</params>
	<!--<params group="item-content">	
	</params>-->
</application>
