<?xml version="1.0" encoding="utf-8"?>
<extension version="2.5" type="plugin" group="magebridge" method="upgrade">
    <name>PLG_MAGEBRIDGE_GRAPHDAT</name>
    <author>Yireo</author>
    <creationDate>May 2015</creationDate>
    <copyright>Copyright (C) 2015 Yireo.com. All rights reserved.</copyright>
    <license>http://www.gnu.org/licenses/gpl-2.0.html GNU/GPL</license>
    <authorEmail>info@yireo.com</authorEmail>
    <authorUrl>www.yireo.com</authorUrl>
    <version>1.9.5307</version>
    <description>PLG_MAGEBRIDGE_GRAPHDAT_DESC</description>

    <files>
        <filename plugin="graphdat">graphdat.php</filename>
        <filename>index.html</filename>
    </files>

    <languages>
        <language tag="en-GB">en-GB.plg_magebridge_graphdat.ini</language>
        <language tag="en-GB">en-GB.plg_magebridge_graphdat.sys.ini</language>
    </languages>

</extension>
