<?xml version="1.0" encoding="utf-8"?>
<extension version="2.5" type="plugin" group="magebridgeprofile" method="upgrade">
	<name>PLG_MAGEBRIDGEPROFILE_CB</name>
	<author>Yireo</author>
	<creationDate>April 2015</creationDate>
	<copyright>Copyright (C) 2015 Yireo.com. All rights reserved.</copyright>
	<license>http://www.gnu.org/licenses/gpl-2.0.html GNU/GPL</license>
	<authorEmail>info@yireo.com</authorEmail>
	<authorUrl>www.yireo.com</authorUrl>
	<version>1.9.5290</version>
	<description>PLG_MAGEBRIDGEPROFILE_CB_DESC</description>

	<files>
		<filename plugin="cb">cb.php</filename>
		<filename>index.html</filename>
	</files>

    <config>
		<fields name="params">
			<fieldset name="basic">
                <field name="file" label="PLG_MAGEBRIDGEPROFILE_CB_FIELD_FILE" type="text" default="map" />
	    	</fieldset>
    	</fields>
	</config>

	<languages>
		<language tag="en-GB">en-GB.plg_magebridgeprofile_cb.ini</language>
		<language tag="en-GB">en-GB.plg_magebridgeprofile_cb.sys.ini</language>
	</languages>
</extension>
