<?xml version="1.0" encoding="utf-8"?>
<!DOCTYPE install PUBLIC "-//Joomla! 1.5//DTD template 1.0//EN" "http://www.joomla.org/xml/dtd/1.5/template-install.dtd">
<extension version="2.5" type="template" method="upgrade">
	<name>magebridge_root</name>
	<creationDate>September 2014</creationDate>
	<author>Yireo</author>
	<authorEmail>info@yireo.com</authorEmail>
	<authorUrl>http://www.yireo.com</authorUrl>
	<copyright>Copyright 2015 Yireo.com. All rights reserved.</copyright>
	<license>GNU/GPL</license>
	<version>1.9.5235</version>
	<description>MageBridge Root Template</description>
	<files>
		<filename>index.php</filename>
		<filename>templateDetails.xml</filename>
	</files>
	<positions>
		<position>root</position>
	</positions>
</extension>
