<?xml version="1.0"?>
<!--
/**
 * MageBridgeRedirect
 *
 * @author Yireo
 * @package MageBridge
 * @copyright Copyright 2012
 * @license Yireo EULA (www.yireo.com)
 * @link http://www.yireo.com
 */
-->
<config>
    <sections>
        <magebridge translate="label" module="magebridge">
            <groups>
                <redirect translate="label">
                    <label>MageBridge Redirect</label>
                    <frontend_type>text</frontend_type>
                    <sort_order>1</sort_order>
                    <show_in_default>1</show_in_default>
                    <show_in_website>1</show_in_website>
                    <show_in_store>1</show_in_store>
                    <fields>
                        <enabled translate="label">
                            <label>Enabled</label>
                            <frontend_type>select</frontend_type>
                            <source_model>adminhtml/system_config_source_yesno</source_model>
                            <sort_order>1</sort_order>
                            <show_in_default>1</show_in_default>
                            <show_in_website>1</show_in_website>
                            <show_in_store>1</show_in_store>
                        </enabled>
                        <magebridge_root translate="label">
                            <label>MageBridge Root URL</label>
                            <frontend_type>text</frontend_type>
                            <sort_order>2</sort_order>
                            <show_in_default>1</show_in_default>
                            <show_in_website>1</show_in_website>
                            <show_in_store>1</show_in_store>
                            <comment><![CDATA[Example: http://JOOMLA/shop/]]></comment>
                        </magebridge_root>
                    </fields>
                </redirect>
            </groups>
        </magebridge>
    </sections>
</config>
