<?xml version="1.0" encoding="utf-8"?>
<form>
    <fields addfieldpath="/administrator/components/com_magebridge/fields/">
        <fieldset name="basic">
		    <field name="user_id" type="user" label="COM_MAGEBRIDGE_CHECK_PRODUCT_USER_ID" description="COM_MAGEBRIDGE_CHECK_PRODUCT_USER_ID_DESC" />
		    <field name="product_sku" type="magebridge.product" default="" return="sku" label="COM_MAGEBRIDGE_CHECK_PRODUCT_PRODUCT_SKU" description="COM_MAGEBRIDGE_CHECK_PRODUCT_PRODUCT_SKU_DESC" />
		    <field name="count" type="text" default="1" label="COM_MAGEBRIDGE_CHECK_PRODUCT_COUNT" description="COM_MAGEBRIDGE_CHECK_PRODUCT_COUNT_DESC" />
		    <field name="order_status" type="list" default="complete" label="COM_MAGEBRIDGE_CHECK_PRODUCT_ORDER_STATUS" description="COM_MAGEBRIDGE_CHECK_PRODUCT_ORDER_STATUS_DESC">
                <option value="complete">complete</option>
            </field>
        </fieldset>
    </fields>
</form>
