<?xml version="1.0" encoding="utf-8"?>
<extension version="2.5" type="plugin" group="system" method="upgrade">
    <name>PLG_SYSTEM_MAGEBRIDGEPOSITIONS</name>
    <author>Yireo</author>
    <creationDate>June 2015</creationDate>
    <copyright>Copyright (C) 2015 Yireo.com. All rights reserved.</copyright>
    <license>http://www.gnu.org/licenses/gpl-2.0.html GNU/GPL</license>
    <authorEmail>info@yireo.com</authorEmail>
    <authorUrl>www.yireo.com</authorUrl>
    <version>1.9.5315</version>
    <description>PLG_SYSTEM_MAGEBRIDGEPOSITIONS_DESC</description>

    <files>
        <filename plugin="magebridgepositions">magebridgepositions.php</filename>
        <filename>index.html</filename>
        <folder>rewrite</folder>
    </files>

    <languages>
        <language tag="en-GB">en-GB.plg_system_magebridgepositions.ini</language>
        <language tag="en-GB">en-GB.plg_system_magebridgepositions.sys.ini</language>
    </languages>

    <config>
        <fields name="params" addfieldpath="/administrator/components/com_magebridge/libraries/form/fields">
            <fieldset name="basic">
                <field name="flush_positions_home" type="yireo.text" />
                <field name="flush_positions_customer" type="yireo.text" />
                <field name="flush_positions_product" type="yireo.text" />
                <field name="flush_positions_category" type="yireo.text" />
                <field name="flush_positions_cart" type="yireo.text" />
                <field name="flush_positions_checkout" type="yireo.text" />
            </fieldset>
        </fields>
    </config>
</extension>
