<?xml version="1.0" encoding="utf-8"?>
<extension type="module" version="2.5" client="site" method="upgrade">
	<name>Magebridge: RokScroller</name>
	<author>Yireo/RocketTheme</author>
	<creationDate>January 2014</creationDate>
	<copyright>Copyright (C) 2014 Yireo.com. All rights reserved.</copyright>
	<license>GNU/GPL</license>
	<authorEmail>development@yireo.com</authorEmail>
	<authorUrl>www.yireo.com</authorUrl>
	<version>1.8.4898</version>
	<description>This module is a modified version of the RocketTheme/VirtueMart scroller</description>

	<files>
		<filename module="mod_magebridge_rokscroller">mod_magebridge_rokscroller.php</filename>
		<filename>index.html</filename>
		<filename>helper.php</filename>
		<filename>rokvm_scroller.js</filename>
		<folder>tmpl/</folder>
	</files>

    <languages>
        <language tag="en-GB">en-GB.mod_magebridge_rokscroller.ini</language>
    </languages>

	<config>
		<fields name="params">
			<fieldset name="basic">
		        <field name="moduleclass_sfx" type="text" default="" label="Module Class Suffix" description="A suffix to be applied to the css class of the module (table.moduletable), this allows individual module styling" />
        		<field name="sorting" type="radio" default="random"	label="In which Order the products shall be displayed?"	description="Defines the display order of the products.">
		        	<option value="newest">Newest</option>
        			<option value="oldest">Oldest</option>
		        	<option value="random">Random</option>
        		</field>
		        <field name="featured" type="radio" default="no" label="Featured Products Only"	description="Display only products that are featured (marked special)">
        			<option value="no">No</option>
		        	<option value="yes">Yes</option>
        		</field>
		        <field name="show_title" type="radio" default="1" label="Show Product Title" description="Select whether to show the Product title">
        			<option value="0">No</option>
		        	<option value="1">Yes</option>
        		</field>
		        <field name="show_price" type="radio" default="0" label="Show Product Price" description="Select whether to show the Product price">
        			<option value="0">No</option>
		        	<option value="1">Yes</option>
        		</field>
		        <field name="@spacer" type="spacer" default="" label="" description="" />
        		<field name="count" type="text" default="5" label="# of Items to display" description="The number of items to display (default 5)" />
		        <field name="direction" type="radio" default="horizontal" label="Scroller Direction" description="The direction of the scroller">
        			<option value="horizontal">Horizontal</option>
		        	<option value="vertical">Vertical</option>
        		</field>
		        <field name="height" type="text" default="300" label="Scroller Height (for vertical only)" description="The scroller height in pixel, works only when Vertical direction is selected" />
        		<field name="@spacer" type="spacer" default="" label="" description="" />
                <field name="duration" type="text" default="800" label="Transition Duration" description="Duration in ms of cross-blend transition" />
        		<field name="fxeffect" type="list" default="Quad.easeOut" label="Transition Effect" description="Any of the available MooTools transitions.">
		        	<option value="linear">linear</option>
        			<option value="Quad.easeOut">Quad.easeOut</option>
		        	<option value="Quad.easeIn">Quad.easeIn</option>
        			<option value="Quad.easeInOut">Quad.easeInOut</option>
		        	<option value="Cubic.easeOut">Cubic.easeOut</option>
        			<option value="Cubic.easeIn">Cubic.easeIn</option>
		        	<option value="Cubic.easeInOut">Cubic.easeInOut</option>
        			<option value="Quart.easeOut">Quart.easeOut</option>
		        	<option value="Quart.easeIn">Quart.easeIn</option>
        			<option value="Quart.easeInOut">Quart.easeInOut</option>
		        	<option value="Quint.easeOut">Quint.easeOut</option>
        			<option value="Quint.easeIn">Quint.easeIn</option>
		        	<option value="Quint.easeInOut">Quint.easeInOut</option>
        			<option value="Expo.easeOut">Expo.easeOut</option>
		        	<option value="Expo.easeIn">Expo.easeIn</option>
        			<option value="Expo.easeInOut">Expo.easeInOut</option>
		        	<option value="Circ.easeOut">Circ.easeOut</option>
        			<option value="Circ.easeIn">Circ.easeIn</option>
		        	<option value="Circ.easeInOut">Circ.easeInOut</option>
        			<option value="Sine.easeOut">Sine.easeOut</option>
		        	<option value="Sine.easeIn">Sine.easeIn</option>
        			<option value="Sine.easeInOut">Sine.easeInOut</option>
		        	<option value="Back.easeOut">Back.easeOut</option>
        			<option value="Back.easeIn">Back.easeIn</option>
		        	<option value="Back.easeInOut">Back.easeInOut</option>
        			<option value="Bounce.easeOut">Bounce.easeOut</option>
		        	<option value="Bounce.easeIn">Bounce.easeIn</option>
        			<option value="Bounce.easeInOut">Bounce.easeInOut</option>
		        	<option value="Elastic.easeOut">Elastic.easeOut</option>
        			<option value="Elastic.easeIn">Elastic.easeIn</option>
		        	<option value="Elastic.easeInOut">Elastic.easeInOut</option>
        		</field>
		        <field name="amount" type="text" default="200" label="Amount per click" description="How many pixel to scroll left or right when clicking the arrows" />
        		<field name="@spacer" type="spacer" default="" label="" description="" />
		        <field name="arrows_effect" type="radio" default="1" label="Enable Arrows effect?" description="Select whether to enable or disable color effect on arrows">
        			<option value="0">No</option>
		        	<option value="1">Yes</option>
        		</field>
		        <field name="arrows_color" type="text" default="auto" label="Arrows effect color.&lt;br /&gt;Can be auto or #hex" description="Auto or a Hex Color to be assigned to the arrows effect" />
        		<field name="@spacer" type="spacer" default="" label="" description="" />
		        <field name="autoscroll" type="radio" default="0" label="Enable Auto Scrolling" description="Select whether to enable or disable the auto scrolling">
        			<option value="0">No</option>
		        	<option value="1">Yes</option>
        		</field>
		        <field name="scrolldelay" type="text" default="2" label="Delay (seconds)" description="Seconds to wait for the auto scrolling to change" />
        	</fieldset>
        	<fieldset name="advanced">
        		<field name="cache" type="list" default="0" label="Caching" description="Select whether to cache the content of this module">
		        	<option value="1">Use global</option>
        			<option value="0">No caching</option>
		        </field>
        		<field name="cache_time" type="text" default="900" label="Cache Time" description="The time before the module is recached" />
        	</fieldset>
        </fields>
	</config>
</extension>
