<?xml version="1.0" encoding="utf-8"?>
<form>
    <fields name="actions">
        <fieldset name="actions">
        </fieldset>
    </fields>
    <fields name="params">
        <fieldset name="params">
		    <field name="allowed_status" type="list" default="any" label="COM_MAGEBRIDGE_PRODUCT_PARAM_ALLOWED_STATUS" description="COM_MAGEBRIDGE_PRODUCT_PARAM_ALLOWED_STATUS_DESC" multiple="true" size="5">
			    <option value="any">COM_MAGEBRIDGE_PRODUCT_PARAM_ALLOWED_STATUS_OPTION_ANY</option>
    			<option value="pending">COM_MAGEBRIDGE_PRODUCT_PARAM_ALLOWED_STATUS_OPTION_PENDING</option>
    			<option value="processing">COM_MAGEBRIDGE_PRODUCT_PARAM_ALLOWED_STATUS_OPTION_PROCESSING</option>
    			<option value="complete">COM_MAGEBRIDGE_PRODUCT_PARAM_ALLOWED_STATUS_OPTION_COMPLETE</option>
    			<option value="closed">COM_MAGEBRIDGE_PRODUCT_PARAM_ALLOWED_STATUS_OPTION_CLOSED</option>
	    	</field>
		    <field name="expire_amount" type="text" size="4" default="0" label="COM_MAGEBRIDGE_PRODUCT_PARAM_EXPIRE_AMOUNT" description="COM_MAGEBRIDGE_PRODUCT_PARAM_EXPIRE_AMOUNT_DESC" />
		    <field name="expire_unit" type="list" default="day" label="COM_MAGEBRIDGE_PRODUCT_PARAM_EXPIRE_UNIT" description="COM_MAGEBRIDGE_PRODUCT_PARAM_EXPIRE_UNIT_DESC">
    			<option value="day">COM_MAGEBRIDGE_PRODUCT_PARAM_EXPIRE_UNIT_OPTION_DAY</option>
	    		<option value="week">COM_MAGEBRIDGE_PRODUCT_PARAM_EXPIRE_UNIT_OPTION_WEEK</option>
	    	</field>
        </fieldset>
    </fields>
</form>
