<?xml version="1.0" encoding="utf-8"?>
<extension version="2.5" type="plugin" group="magebridge.newsletter" method="upgrade">
	<name>PLG_MAGEBRIDGE_NEWSLETTER_CCNEWSLETTER</name>
	<author>Yireo</author>
	<creationDate>March 2014</creationDate>
	<copyright>Copyright (C) 2014 Yireo.com. All rights reserved.</copyright>
	<license>http://www.gnu.org/licenses/gpl-2.0.html GNU/GPL</license>
	<authorEmail>info@yireo.com</authorEmail>
	<authorUrl>www.yireo.com</authorUrl>
	<version>1.8.5109</version>
	<description>PLG_MAGEBRIDGE_NEWSLETTER_CCNEWSLETTER_DESC</description>

	<files>
		<filename plugin="ccnewsletter">ccnewsletter.php</filename>
		<filename>index.html</filename>
	</files>

    <!--<config>
		<fields name="params">
			<fieldset name="basic">
        		<field name="newsletter" type="sql" label="PLG_MAGEBRIDGE_NEWSLETTER" key_field="value" value_field="title"
                    query="SELECT `name` AS `title`, `listid` AS `value` FROM `#__ccnewsletter_list`" />
	    	</fieldset>
    	</fields>
	</config>-->

	<languages>
		<language tag="en-GB">en-GB.plg_magebridge.newsletter_ccnewsletter.ini</language>
		<language tag="en-GB">en-GB.plg_magebridge.newsletter_ccnewsletter.sys.ini</language>
	</languages>
</extension>
