<?xml version="1.0" encoding="utf-8"?>
<extension version="2.5" type="plugin" group="magebridgenewsletter" method="upgrade">
	<name>PLG_MAGEBRIDGENEWSLETTER_CCNEWSLETTER</name>
	<author>Yireo</author>
	<creationDate>July 2014</creationDate>
	<copyright>Copyright (C) 2014 Yireo.com. All rights reserved.</copyright>
	<license>http://www.gnu.org/licenses/gpl-2.0.html GNU/GPL</license>
	<authorEmail>info@yireo.com</authorEmail>
	<authorUrl>www.yireo.com</authorUrl>
	<version>1.9.5228</version>
	<description>PLG_MAGEBRIDGENEWSLETTER_CCNEWSLETTER_DESC</description>

	<files>
		<filename plugin="ccnewsletter">ccnewsletter.php</filename>
		<filename>index.html</filename>
	</files>

	<languages>
		<language tag="en-GB">en-GB.plg_magebridgenewsletter_ccnewsletter.ini</language>
		<language tag="en-GB">en-GB.plg_magebridgenewsletter_ccnewsletter.sys.ini</language>
	</languages>
</extension>
