<?xml version="1.0" encoding="utf-8"?>
<element type="block" group="MageBridge">
    <name>Custom Block</name>
    <author>Yireo</author>
    <creationDate>October 2013</creationDate>
    <copyright>GNU/GPL</copyright>
    <authorEmail>info@yireo.com</authorEmail>
    <authorUrl>http://www.yireo.com</authorUrl>
    <version>1.0.0</version>
    <description>Provides a Magento block</description>
    <params>
		<param name="name" type="text" default="" label="Name" description="Name used in item editor" />
		<param name="description" type="text" default="" label="Description" description="DESCRIPTION_TOOLTIP_ITEM_EDITOR" />
		<param name="access" type="zooaccesslevel" default="" label="Access Level" description="DETAILACCESS" />
		<param name="default" type="text" default="" label="Default" description="" />
		<param name="repeatable" type="radio" default="0" label="Repeatable" description="Add multiple text fields.">
			<option value="0">JNO</option>
			<option value="1">JYES</option>
		</param>
	</params>
</element>

