<?xml version="1.0" encoding="utf-8"?>
<extension version="2.5" type="plugin" group="magebridge" method="upgrade">
    <name>PLG_MAGEBRIDGE_MAGEBRIDGE</name>
    <author>Yireo</author>
    <creationDate>July 2015</creationDate>
    <copyright>Copyright (C) 2015 Yireo.com. All rights reserved.</copyright>
    <license>http://www.gnu.org/licenses/gpl-2.0.html GNU/GPL</license>
    <authorEmail>info@yireo.com</authorEmail>
    <authorUrl>www.yireo.com</authorUrl>
    <version>1.9.5321</version>
    <description>PLG_MAGEBRIDGE_MAGEBRIDGE_DESC</description>

    <files>
        <filename plugin="magebridge">magebridge.php</filename>
        <filename>index.html</filename>
    </files>

    <languages>
        <language tag="en-GB">en-GB.plg_magebridge_magebridge.ini</language>
        <language tag="en-GB">en-GB.plg_magebridge_magebridge.sys.ini</language>
    </languages>

</extension>
