<?xml version="1.0" encoding="utf-8"?>
<extension version="2.5" type="plugin" group="magebridgeproduct" method="upgrade">
	<name>PLG_MAGEBRIDGEPRODUCT_KUNENA_RANKS</name>
	<author>Yireo</author>
	<creationDate>april 2017</creationDate>
	<copyright>Copyright (C) 2017 Yireo.com. All rights reserved.</copyright>
	<license>http://www.gnu.org/licenses/gpl-2.0.html GNU/GPL</license>
	<authorEmail>info@yireo.com</authorEmail>
	<authorUrl>www.yireo.com</authorUrl>
	<version>1.9.5441</version>
	<description>PLG_MAGEBRIDGEPRODUCT_KUNENA_RANKS_DESC</description>

	<files>
		<filename plugin="kunena_ranks">kunena_ranks.php</filename>
		<folder>form</folder>
		<filename>index.html</filename>
	</files>

	<languages>
		<language tag="en-GB">en-GB.plg_magebridgeproduct_kunena_ranks.ini</language>
		<language tag="en-GB">en-GB.plg_magebridgeproduct_kunena_ranks.sys.ini</language>
	</languages>
</extension>
