<?xml version="1.0" encoding="utf-8"?>
<extension version="2.5" type="plugin" group="system" method="upgrade">
    <name>PLG_SYSTEM_MAGEBRIDGE</name>
    <author>Yireo</author>
    <creationDate>August 2015</creationDate>
    <copyright>Copyright (C) 2015 Yireo.com. All rights reserved.</copyright>
    <license>http://www.gnu.org/licenses/gpl-2.0.html GNU/GPL</license>
    <authorEmail>info@yireo.com</authorEmail>
    <authorUrl>www.yireo.com</authorUrl>
    <version>1.9.5339</version>
    <description>PLG_SYSTEM_MAGEBRIDGE_DESC</description>

    <files>
        <filename plugin="magebridge">magebridge.php</filename>
        <filename>index.html</filename>
        <folder>helpers</folder>
    </files>

    <languages>
        <language tag="en-GB">en-GB.plg_system_magebridge.ini</language>
        <language tag="en-GB">en-GB.plg_system_magebridge.sys.ini</language>
    </languages>

    <config>
        <fields name="params">
            <fieldset name="basic" addfieldpath="administrator/components/com_magebridge/fields">
                <field name="enable_ssl_redirect" type="magebridge.boolean" default="1" label="PLG_SYSTEM_MAGEBRIDGE_ENABLE_SSL_REDIRECT" description="PLG_SYSTEM_MAGEBRIDGE_ENABLE_SSL_REDIRECT_DESC" />
                <field name="enable_nonssl_redirect" type="magebridge.boolean" default="1" label="PLG_SYSTEM_MAGEBRIDGE_ENABLE_NONSSL_REDIRECT" description="PLG_SYSTEM_MAGEBRIDGE_ENABLE_NONSSL_REDIRECT_DESC" />
                <field name="enable_nonsef_redirect" type="magebridge.boolean" default="1" label="PLG_SYSTEM_MAGEBRIDGE_ENABLE_NONSEF_REDIRECT" description="PLG_SYSTEM_MAGEBRIDGE_ENABLE_NONSEF_REDIRECT_DESC" />
                <field name="enable_comuser_redirect" type="magebridge.boolean" default="0" label="PLG_SYSTEM_MAGEBRIDGE_ENABLE_COMUSER_REDIRECT" description="PLG_SYSTEM_MAGEBRIDGE_ENABLE_COMUSER_REDIRECT_DESC" />
                <field name="enable_urlreplacement_redirect" type="magebridge.boolean" default="1" label="PLG_SYSTEM_MAGEBRIDGE_ENABLE_URLREPLACEMENT_REDIRECT" description="PLG_SYSTEM_MAGEBRIDGE_ENABLE_URLREPLACEMENT_REDIRECT_DESC" />
                <field name="override_core" type="magebridge.boolean" default="1" label="PLG_SYSTEM_MAGEBRIDGE_OVERRIDE_CORE" description="PLG_SYSTEM_MAGEBRIDGE_OVERRIDE_CORE_DESC" />
                <field name="filter_js" type="list" default="remove" label="PLG_SYSTEM_MAGEBRIDGE_FILTER_JS" description="PLG_SYSTEM_MAGEBRIDGE_FILTER_JS_DESC">
                    <option value="comment">PLG_SYSTEM_MAGEBRIDGE_FILTER_JS_OPTION_COMMENT</option>
                    <option value="remove">PLG_SYSTEM_MAGEBRIDGE_FILTER_JS_OPTION_REMOVE</option>
                </field>
                <field name="spoof_jomsocial_events" type="magebridge.boolean" default="0" label="PLG_SYSTEM_MAGEBRIDGE_SPOOF_JOMSOCIAL_EVENTS" description="PLG_SYSTEM_MAGEBRIDGE_SPOOF_JOMSOCIAL_EVENTS_DESC" />
                <field name="spoof_cb_events" type="magebridge.boolean" default="0" label="PLG_SYSTEM_MAGEBRIDGE_SPOOF_CB_EVENTS" description="PLG_SYSTEM_MAGEBRIDGE_SPOOF_CB_EVENTS_DESC" />
                <field name="spoof_magento_login" type="magebridge.boolean" default="0" label="PLG_SYSTEM_MAGEBRIDGE_SPOOF_MAGENTO_LOGIN" description="PLG_SYSTEM_MAGEBRIDGE_SPOOF_MAGENTO_LOGIN_DESC" />
                <field name="spoof_sef" type="magebridge.boolean" default="0" label="PLG_SYSTEM_MAGEBRIDGE_SPOOF_SEF" description="PLG_SYSTEM_MAGEBRIDGE_SPOOF_SEF_DESC" />
                <field name="deny_iframe" type="magebridge.boolean" default="1" label="PLG_SYSTEM_MAGEBRIDGE_DENY_IFRAME" description="PLG_SYSTEM_MAGEBRIDGE_DENY_IFRAME_DESC" />
            </fieldset>
        </fields>
    </config>
</extension>
