<?xml version="1.0" encoding="utf-8"?>
<extension version="2.5" type="plugin" group="system" method="upgrade">
    <name>PLG_SYSTEM_MAGEBRIDGEPRE</name>
    <author>Yireo</author>
    <creationDate>January 2015</creationDate>
    <copyright>Copyright (C) 2015 Yireo.com. All rights reserved.</copyright>
    <license>http://www.gnu.org/licenses/gpl-2.0.html GNU/GPL</license>
    <authorEmail>info@yireo.com</authorEmail>
    <authorUrl>www.yireo.com</authorUrl>
    <version>1.9.5268</version>
    <description>PLG_SYSTEM_MAGEBRIDGEPRE_DESC</description>

    <files>
        <filename plugin="magebridgepre">magebridgepre.php</filename>
        <filename>index.html</filename>
    </files>

    <languages>
        <language tag="en-GB">en-GB.plg_system_magebridgepre.ini</language>
        <language tag="en-GB">en-GB.plg_system_magebridgepre.sys.ini</language>
    </languages>

    <config>
        <fields name="params">
            <fieldset name="basic">
                <field name="override_modulehelper" type="radio" default="1" label="PLG_SYSTEM_MAGEBRIDGEPRE_OVERRIDE_MODULEHELPER" description="PLG_SYSTEM_MAGEBRIDGEPRE_OVERRIDE_MODULEHELPER_DESC">
                    <option value="0">JNO</option>
                    <option value="1">JYES</option>
                </field>
                <field name="postlogin_userevents" type="radio" default="0" label="PLG_SYSTEM_MAGEBRIDGEPRE_POSTLOGIN_USEREVENTS" description="PLG_SYSTEM_MAGEBRIDGEPRE_POSTLOGIN_USEREVENTS_DESC">
                    <option value="0">JNO</option>
                    <option value="1">JYES</option>
                </field>
            </fieldset>
        </fields>
    </config>
</extension>
