<?xml version="1.0" encoding="utf-8"?>
<extension version="2.5" type="plugin" group="content" method="upgrade">
    <name>PLG_CONTENT_MAGEBRIDGE</name>
    <author>Yireo</author>
    <creationDate>April 2015</creationDate>
    <copyright>Copyright (C) 2015 Yireo.com. All rights reserved.</copyright>
    <license>http://www.gnu.org/licenses/gpl-2.0.html GNU/GPL</license>
    <authorEmail>info@yireo.com</authorEmail>
    <authorUrl>www.yireo.com</authorUrl>
    <version>1.9.5288</version>
    <description>PLG_CONTENT_MAGEBRIDGE_DESC</description>

    <files>
        <filename plugin="magebridge">magebridge.php</filename>
        <filename>index.html</filename>
    </files>

    <languages>
        <language tag="en-GB">en-GB.plg_content_magebridge.ini</language>
        <language tag="en-GB">en-GB.plg_content_magebridge.sys.ini</language>
    </languages>

    <config>
        <fields name="params">
            <fieldset name="basic">
                <field name="load_css" type="list" default="0" label="PLG_CONTENT_MAGEBRIDGE_LOAD_CSS" description="PLG_CONTENT_MAGEBRIDGE_LOAD_CSS_DESC">
                    <option value="0">No</option>
                    <option value="1">Yes</option>
                </field>
                <field name="load_js" type="list" default="0" label="PLG_CONTENT_MAGEBRIDGE_LOAD_JS" description="PLG_CONTENT_MAGEBRIDGE_LOAD_JS_DESC">
                    <option value="0">No</option>
                    <option value="1">Yes</option>
                </field>
            </fieldset>
        </fields>
    </config>
</extension>
