<?xml version="1.0" encoding="utf-8"?>
<extension version="2.5" type="plugin" group="search" method="upgrade">
    <name>PLG_SEARCH_MAGEBRIDGE</name>
    <author>Yireo</author>
    <creationDate>December 2014</creationDate>
    <copyright>Copyright (C) 2014 Yireo.com. All rights reserved.</copyright>
    <license>http://www.gnu.org/licenses/gpl-2.0.html GNU/GPL</license>
    <authorEmail>info@yireo.com</authorEmail>
    <authorUrl>www.yireo.com</authorUrl>
    <version>1.9.5259</version>
    <description>PLG_SEARCH_MAGEBRIDGE_DESC</description>

    <files>
        <filename plugin="magebridge">magebridge.php</filename>
        <filename>index.html</filename>
    </files>

    <languages>
        <language tag="en-GB">en-GB.plg_search_magebridge.ini</language>
        <language tag="en-GB">en-GB.plg_search_magebridge.sys.ini</language>
    </languages>

    <config>
        <fields name="params">
            <fieldset name="basic">
                <field name="search_limit" type="text" size="5" default="50" label="PLG_SEARCH_MAGEBRIDGE_SEARCH_LIMIT" description="PLG_SEARCH_MAGEBRIDGE_SEARCH_LIMIT_DESC"/>
            </fieldset>
        </fields>
    </config>

    <languages>
        <language tag="en-GB">en-GB.plg_search_magebridge.ini</language>
        <language tag="en-GB">en-GB.plg_search_magebridge.sys.ini</language>
    </languages>
</extension>
