<?xml version="1.0" encoding="utf-8"?>
<extension version="2.5" type="plugin" group="finder" method="upgrade">
	<name>PLG_FINDER_MAGEBRIDGE</name>
	<author>Yireo</author>
	<creationDate>December 2013</creationDate>
	<copyright>Copyright (C) 2013 Yireo.com. All rights reserved.</copyright>
	<license>http://www.gnu.org/licenses/gpl-2.0.html GNU/GPL</license>
	<authorEmail>info@yireo.com</authorEmail>
	<authorUrl>www.yireo.com</authorUrl>
	<version>1.8.4898</version>
	<description>PLG_FINDER_MAGEBRIDGE_DESC</description>

	<files>
		<filename plugin="magebridge">magebridge.php</filename>
		<filename>index.html</filename>
	</files>

    <languages>
        <language tag="en-GB">en-GB.plg_finder_magebridge.ini</language>
        <language tag="en-GB">en-GB.plg_finder_magebridge.sys.ini</language>
    </languages>
</extension>
