<?xml version="1.0" encoding="utf-8"?>
<extension version="2.5" type="plugin" group="magebridgestore" method="upgrade">
	<name>PLG_MAGEBRIDGESTORE_JOOMLA</name>
	<author>Yireo</author>
	<creationDate>January 2016</creationDate>
	<copyright>Copyright (C) 2016 Yireo.com. All rights reserved.</copyright>
	<license>http://www.gnu.org/licenses/gpl-2.0.html GNU/GPL</license>
	<authorEmail>info@yireo.com</authorEmail>
	<authorUrl>www.yireo.com</authorUrl>
	<version>1.9.5370</version>
	<description>PLG_MAGEBRIDGESTORE_JOOMLA_DESC</description>

	<files>
		<filename plugin="joomla">joomla.php</filename>
		<folder>form</folder>
		<filename>index.html</filename>
	</files>

	<languages>
		<language tag="en-GB">en-GB.plg_magebridgestore_joomla.ini</language>
		<language tag="en-GB">en-GB.plg_magebridgestore_joomla.sys.ini</language>
	</languages>
</extension>
