<?xml version="1.0" encoding="UTF-8"?>
<type version="1.0.0" name="Basic Product">
  <params>
    <param type="block" identifier="cb30d00f-b0ec-454f-8d53-f2d31941932a" name="Custom Block" description="" access="0" default="" repeatable="1"/>
    <param type="textarea" identifier="0cfe29a1-b515-410f-9b42-015c9730644c" name="Short Description" description="" access="0" default="" jplugins="1" repeatable="0"/>
    <param type="textarea" identifier="f1858636-d379-4486-881c-62c36d24ce6b" name="Description" description="" access="0" default="" jplugins="1" repeatable="0"/>
    <param type="addtocart" identifier="479e0428-5a58-4ef8-858a-87711dd41474" name="Add to cart button" description="" access="0" default="" repeatable="0"/>
    <param type="radio" identifier="fba8125f-b997-400b-8d6c-3bd978e65c22" name="In stock" description="" access="0" default="1">
      <option name="Yes" value="1"/>
      <option name="No" value="0"/>
    </param>
  </params>
</type>
