<?xml version="1.0" encoding="utf-8"?>
<extension version="2.5" type="plugin" group="system" method="upgrade">
    <name>PLG_SYSTEM_MAGEBRIDGEZOO</name>
    <author>Yireo</author>
    <creationDate>July 2014</creationDate>
    <copyright>Copyright (C) 2014 Yireo.com. All rights reserved.</copyright>
    <license>http://www.gnu.org/licenses/gpl-2.0.html GNU/GPL</license>
    <authorEmail>info@yireo.com</authorEmail>
    <authorUrl>www.yireo.com</authorUrl>
    <version>1.9.5223</version>
    <description>PLG_SYSTEM_MAGEBRIDGEZOO_DESC</description>

    <files>
        <filename plugin="magebridgezoo">magebridgezoo.php</filename>
        <filename>index.html</filename>
    </files>

    <languages>
        <language tag="en-GB">en-GB.plg_system_magebridgezoo.ini</language>
        <language tag="en-GB">en-GB.plg_system_magebridgezoo.sys.ini</language>
    </languages>

</extension>
