<?xml version="1.0" encoding="utf-8"?>
<extension version="2.5" type="plugin" group="magebridgenewsletter" method="upgrade">
	<name>PLG_MAGEBRIDGENEWSLETTER_ACYMAILING</name>
	<author>Yireo</author>
	<creationDate>July 2015</creationDate>
	<copyright>Copyright (C) 2015 Yireo.com. All rights reserved.</copyright>
	<license>http://www.gnu.org/licenses/gpl-2.0.html GNU/GPL</license>
	<authorEmail>info@yireo.com</authorEmail>
	<authorUrl>www.yireo.com</authorUrl>
	<version>1.9.5332</version>
	<description>PLG_MAGEBRIDGENEWSLETTER_ACYMAILING_DESC</description>

	<files>
		<filename plugin="acymailing">acymailing.php</filename>
		<filename>index.html</filename>
	</files>

    <config>
		<fields name="params">
			<fieldset name="basic">
        		<field name="newsletter" 
                    label="PLG_MAGEBRIDGENEWSLETTER_ACYMAILING_FIELD_NEWSLETTER" 
                    type="sql" key_field="value" value_field="title" multiple="multiple"
                    query="SELECT `name` AS `title`, `listid` AS `value` FROM `#__acymailing_list`" />
	    	</fieldset>
    	</fields>
	</config>

	<languages>
		<language tag="en-GB">en-GB.plg_magebridgenewsletter_acymailing.ini</language>
		<language tag="en-GB">en-GB.plg_magebridgenewsletter_acymailing.sys.ini</language>
	</languages>
</extension>
