<?xml version="1.0" encoding="utf-8"?>
<extension type="module" version="2.5" client="site" method="upgrade">
	<name>MOD_MAGEBRIDGE_ADVERTISEMENT</name>
	<author>Yireo</author>
	<creationDate>November 2014</creationDate>
	<copyright>Copyright (C) 2014 Yireo.com. All rights reserved.</copyright>
	<license>GNU/GPL</license>
	<authorEmail>development@yireo.com</authorEmail>
	<authorUrl>www.yireo.com</authorUrl>
	<version>1.9.5254</version>
	<description>MOD_MAGEBRIDGE_ADVERTISEMENT_DESC</description>

	<files folder="site">
		<filename module="mod_magebridge_advertisement">mod_magebridge_advertisement.php</filename>
		<filename>helper.php</filename>
		<filename>index.html</filename>
		<folder>tmpl</folder>
	</files>

    <languages folder="site/language">
        <language tag="en-GB">en-GB.mod_magebridge_advertisement.ini</language>
        <language tag="en-GB">en-GB.mod_magebridge_advertisement.sys.ini</language>
    </languages>

	<config>
		<fields name="params">
			<fieldset name="basic" addfieldpath="/administrator/components/com_magebridge/fields">
		        <field name="product_id" type="product" return="id" default="" label="MOD_MAGEBRIDGE_ADVERTISEMENT_FIELD_PRODUCT_ID" description="MOD_MAGEBRIDGE_ADVERTISEMENT_FIELD_PRODUCT_ID_DESC" />
        	</fieldset>
        	<fieldset name="product" label="MOD_MAGEBRIDGE_ADVERTISEMENT_FIELDSET_PRODUCT_OPTIONS">
		        <field name="show_title" type="list" default="1" label="MOD_MAGEBRIDGE_ADVERTISEMENT_FIELD_SHOW_TITLE" description="MOD_MAGEBRIDGE_ADVERTISEMENT_FIELD_SHOW_TITLE_DESC">
        			<option value="0">JHIDE</option>
		        	<option value="1">JSHOW</option>
        		</field>
		        <field name="show_short_description" type="list" default="1" label="MOD_MAGEBRIDGE_ADVERTISEMENT_FIELD_SHOW_SHORT_DESCRIPTION" description="MOD_MAGEBRIDGE_ADVERTISEMENT_FIELD_SHOW_SHORT_DESCRIPTION_DESC">
        			<option value="0">JHIDE</option>
		        	<option value="1">JSHOW</option>
        		</field>
        		<field name="show_description" type="list" default="0" label="MOD_MAGEBRIDGE_ADVERTISEMENT_FIELD_SHOW_DESCRIPTION" description="MOD_MAGEBRIDGE_ADVERTISEMENT_FIELD_SHOW_DESCRIPTION_DESC">
		        	<option value="0">JHIDE</option>
        			<option value="1">JSHOW</option>
		        </field>
        		<field name="show_thumb" type="list" default="1" label="MOD_MAGEBRIDGE_ADVERTISEMENT_FIELD_SHOW_THUMB" description="MOD_MAGEBRIDGE_ADVERTISEMENT_FIELD_SHOW_THUMB_DESC">
		        	<option value="0">JHIDE</option>
        			<option value="1">JSHOW</option>
        		</field>
        		<field name="show_price" type="list" default="1" label="MOD_MAGEBRIDGE_ADVERTISEMENT_FIELD_SHOW_PRICE" description="MOD_MAGEBRIDGE_ADVERTISEMENT_FIELD_SHOW_PRICE_DESC">
		        	<option value="0">JHIDE</option>
        			<option value="1">JSHOW</option>
		        </field>
        		<field name="special_price" type="list" default="1" label="MOD_MAGEBRIDGE_ADVERTISEMENT_FIELD_SPECIAL_PRICE" description="MOD_MAGEBRIDGE_ADVERTISEMENT_FIELD_SPECIAL_PRICE_DESC">
			        <option value="0">JHIDE</option>
        			<option value="1">MOD_MAGEBRIDGE_ADVERTISEMENT_FIELD_SPECIAL_PRICE_OPTION_1</option>
		        	<option value="2">MOD_MAGEBRIDGE_ADVERTISEMENT_FIELD_SPECIAL_PRICE_OPTION_2</option>
		        </field>
        		<field name="final_price" type="list" default="1" label="MOD_MAGEBRIDGE_ADVERTISEMENT_FIELD_FINAL_PRICE" description="MOD_MAGEBRIDGE_ADVERTISEMENT_FIELD_FINAL_PRICE_DESC">
			        <option value="0">JHIDE</option>
        			<option value="1">MOD_MAGEBRIDGE_ADVERTISEMENT_FIELD_FINAL_PRICE_OPTION_1</option>
		        	<option value="2">MOD_MAGEBRIDGE_ADVERTISEMENT_FIELD_FINAL_PRICE_OPTION_2</option>
		        </field>
        		<field name="show_readmore" type="list" default="1" label="MOD_MAGEBRIDGE_ADVERTISEMENT_FIELD_SHOW_READMORE" description="MOD_MAGEBRIDGE_ADVERTISEMENT_FIELD_SHOW_READMORE_DESC">
        			<option value="0">JHIDE</option>
		        	<option value="1">JSHOW</option>
        		</field>
		        <field name="show_addtocart" type="list" default="1" label="MOD_MAGEBRIDGE_ADVERTISEMENT_FIELD_SHOW_ADDTOCART" description="MOD_MAGEBRIDGE_ADVERTISEMENT_FIELD_SHOW_ADDTOCART_DESC">
        			<option value="0">JHIDE</option>
		        	<option value="1">JSHOW</option>
        		</field>
        		<field name="thumb" type="list" default="thumbnail" label="MOD_MAGEBRIDGE_ADVERTISEMENT_FIELD_THUMB" description="MOD_MAGEBRIDGE_ADVERTISEMENT_FIELD_THUMB_DESC">
		        	<option value="thumbnail">MOD_MAGEBRIDGE_ADVERTISEMENT_FIELD_THUMB_OPTION_THUMBNAIL</option>
        			<option value="small_image">MOD_MAGEBRIDGE_ADVERTISEMENT_FIELD_THUMB_OPTION_SMALL_IMAGE</option>
		        	<option value="image">MOD_MAGEBRIDGE_ADVERTISEMENT_FIELD_THUMB_OPTION_IMAGE</option>
        		</field>
		        <field name="thumb_size" type="text" default="" label="MOD_MAGEBRIDGE_ADVERTISEMENT_FIELD_THUMB_SIZE" size="4" description="MOD_MAGEBRIDGE_ADVERTISEMENT_FIELD_THUMB_SIZE_DESC" />
		        <field name="readmore" type="text" default="Read more about %s" label="MOD_MAGEBRIDGE_ADVERTISEMENT_FIELD_READMORE" description="MOD_MAGEBRIDGE_ADVERTISEMENT_FIELD_READMORE_DESC" />
        		<field name="addtocart" type="text" default="Add %s to cart" label="MOD_MAGEBRIDGE_ADVERTISEMENT_FIELD_ADDTOCART" description="MOD_MAGEBRIDGE_ADVERTISEMENT_FIELD_ADDTOCART_DESC" />
        	</fieldset>
			<fieldset name="advanced">
				<field name="layout" type="modulelayout" label="JFIELD_ALT_LAYOUT_LABEL" description="JFIELD_ALT_MODULE_LAYOUT_DESC" />
        		<field name="moduleclass_sfx" type="text" default="" label="COM_MODULES_FIELD_MODULECLASS_SFX_LABEL" description="COM_MODULES_FIELD_MODULECLASS_SFX_DESC" />
        		<field name="cache" type="list" default="1" label="COM_MODULES_FIELD_CACHING_LABEL" description="COM_MODULES_FIELD_CACHING_DESC">
		        	<option value="1">JGLOBAL_USE_GLOBAL</option>
        			<option value="0">COM_MODULES_FIELD_VALUE_NOCACHING</option>
		        </field>
        		<field name="cache_time" type="text" default="900" label="COM_MODULES_FIELD_CACHE_TIME_LABEL" description="COM_MODULES_FIELD_CACHE_TIME_DESC" />
        	</fieldset>
        </fields>
	</config>
</extension>
