<?xml version="1.0" encoding="utf-8"?>
<extension type="component" version="2.5.0" method="upgrade">
    <name>COM_MAGEBRIDGE</name>
    <author>Yireo</author>
    <authoremail>development@yireo.com</authoremail>
    <authorurl>http://www.yireo.com</authorurl>
    <creationDate>October 2015</creationDate>
    <copyright>Copyright (C) 2015 Yireo.com. All rights reserved.</copyright>
    <license>http://www.gnu.org/licenses/gpl-2.0.html GNU/GPL</license>
    <version>1.9.5362</version>
    <description>COM_MAGEBRIDGE_DESC</description>

    <!-- installation part -->
    <install>
        <sql>
            <file driver="mysql" charset="utf8">sql/install.mysql.utf8.sql</file>
        </sql>
    </install>
    <uninstall>
        <sql>
            <file driver="mysql" charset="utf8">sql/uninstall.mysql.utf8.sql</file>
        </sql>
    </uninstall>

    <scriptfile>script.magebridge.php</scriptfile>
    
    <!-- user part -->
    <files folder="components/com_magebridge">
        <filename>connector.php</filename>
        <filename>controller.php</filename>
        <filename>index.html</filename>
        <filename>magebridge.php</filename>
        <filename>metadata.xml</filename>
        <filename>router.php</filename>
        <filename>view.php</filename>
        <folder>connectors</folder>
        <folder>controllers</folder>
        <folder>helpers</folder>
        <folder>libraries</folder>
        <folder>models</folder>
        <folder>sef_ext</folder>
        <folder>views</folder>
    </files>

    <media folder="media">
        <folder>com_magebridge</folder>
    </media>

    <languages folder="language/en-GB">
        <language tag="en-GB">en-GB.com_magebridge.ini</language>
    </languages>

    <!-- administration part -->
    <administration>

        <!--<menu>MageBridge</menu>-->
        <menu img="../media/com_magebridge/images/menu-magebridge.png">COM_MAGEBRIDGE</menu>
        <submenu>
            <menu link="option=com_magebridge&amp;view=home">COM_MAGEBRIDGE_VIEW_HOME</menu>
            <menu link="option=com_magebridge&amp;view=config">COM_MAGEBRIDGE_VIEW_CONFIG</menu>
            <menu link="option=com_magebridge&amp;view=stores">COM_MAGEBRIDGE_VIEW_STORES</menu>
            <menu link="option=com_magebridge&amp;view=products">COM_MAGEBRIDGE_VIEW_PRODUCTS</menu>
            <menu link="option=com_magebridge&amp;view=usergroups">COM_MAGEBRIDGE_VIEW_USERGROUPS</menu>
            <menu link="option=com_magebridge&amp;view=urls">COM_MAGEBRIDGE_VIEW_URLS</menu>
            <menu link="option=com_magebridge&amp;view=users">COM_MAGEBRIDGE_VIEW_USERS</menu>
            <menu link="option=com_magebridge&amp;view=check">COM_MAGEBRIDGE_VIEW_CHECK</menu>
            <menu link="option=com_magebridge&amp;view=logs">COM_MAGEBRIDGE_VIEW_LOGS</menu>
            <menu link="option=com_magebridge&amp;view=update">COM_MAGEBRIDGE_VIEW_UPDATE</menu>
        </submenu>

        <files folder="administrator/components/com_magebridge">
            <filename>access.xml</filename>
            <filename>config.xml</filename>
            <filename>controller.php</filename>
            <filename>index.html</filename>
            <filename>magebridge.php</filename>
            <filename>script.magebridge.php</filename>
            <filename>view.php</filename>
            <folder>controllers</folder>
            <folder>fields</folder>
            <folder>helpers</folder>
            <folder>libraries</folder>
            <folder>models</folder>
            <folder>tables</folder>
            <folder>sql</folder>
            <folder>views</folder>
        </files>

        <languages folder="administrator/language/en-GB">
            <language tag="en-GB">en-GB.com_magebridge.ini</language>
            <language tag="en-GB">en-GB.com_magebridge.sys.ini</language>
            <language tag="en-GB">en-GB.lib_yireo.ini</language>
        </languages>

    </administration>

</extension>
