<?xml version="1.0" encoding="utf-8"?>
<extension version="2.5" type="plugin" group="magebridgeproduct" method="upgrade">
	<name>PLG_MAGEBRIDGEPRODUCT_AKEEBASUBS</name>
	<author>Yireo</author>
	<creationDate>July 2016</creationDate>
	<copyright>Copyright (C) 2016 Yireo.com. All rights reserved.</copyright>
	<license>http://www.gnu.org/licenses/gpl-2.0.html GNU/GPL</license>
	<authorEmail>info@yireo.com</authorEmail>
	<authorUrl>www.yireo.com</authorUrl>
	<version>1.9.5400</version>
	<description>PLG_MAGEBRIDGEPRODUCT_AKEEBASUBS_DESC</description>

	<files>
		<filename plugin="akeebasubs">akeebasubs.php</filename>
		<folder>form</folder>
		<filename>index.html</filename>
	</files>

	<languages>
		<language tag="en-GB">en-GB.plg_magebridgeproduct_akeebasubs.ini</language>
		<language tag="en-GB">en-GB.plg_magebridgeproduct_akeebasubs.sys.ini</language>
	</languages>
</extension>
